{"round": [1, 2, 3, 4, 5], "loss": [0.24484494212083519, 0.15710913909424562, 0.1051528411480831, 0.09660938153683674, 0.08915612179043819], "accuracy": [0.9295, 0.9505, 0.965, 0.9675, 0.974], "time": [60.50481605529785, 64.84301996231079, 68.87799525260925, 72.91087889671326, 77.24751257896423]}